"pathway","pval","padj","log2err","ES","NES","size","leadingEdge"
"HIF_CORE_HANDOFF",0.0086775990796316,0.0442557553061211,0.380730400722792,0.759785640283297,1.67804993532812,9,"VEGFA;P4HA1;HK2;NDRG1;BNIP3;ERO1A"
"HALLMARK_HYPOXIA",0.00206756920981717,0.0210892059401352,0.431707695803346,0.421331941879087,1.57469191833213,133,"VEGFA;PDGFB;INHA;STC2;CCNG2;ATP7A;CITED2;P4HA1;NFIL3;GPC3;PDK1;IER3;FOXO3;TMEM45A;HK2;ERRFI1;NDRG1;SIAH2;KLHL24;GPC4;ENO3;CA12;RORA;AK4;LARGE1;SELENBP1;EFNA3;PDK3;SULT2B1;ANKZF1;ERO1A;ALDOA;GPI;FAM162A;SDC3;PFKL;MXI1;PFKP;GALK1;KDELR3;ATF3;PFKFB3;PGK1"
"HALLMARK_INTERFERON_ALPHA_RESPONSE",0.00793372239372722,0.0442557553061211,0.380730400722792,0.456115188726018,1.57131371885511,72,"TRIM5;DHX58;SP110;IFIH1;OAS1;NCOA7;IFIT3;UBE2L6;GBP2;IRF9;ELF1;IRF2;PARP14;ISG15;IFITM2;LGALS3BP;UBA7;TDRD7;IFITM1;HLA-C;MX1;PARP12;TRIM14;GMPR;LY6E;BST2;IL4R;OASL;DDX60;IRF7;RIPK2;PLSCR1;TMEM140;TXNIP"
"HALLMARK_IL2_STAT5_SIGNALING",0.00366013635430199,0.0266667077242002,0.431707695803346,0.420277014643718,1.55179006976013,118,"CISH;BATF;P4HA1;IFNGR1;NFIL3;TNFSF10;SLC29A2;CA2;MYO1E;HK2;LRIG1;SLC39A8;SOCS1;NDRG1;PRKCH;TNFRSF1B;UMPS;MXD1;TRAF1;HOPX;ENO3;RORA;AGER;AHR;PHTF2;MAP3K8;UCK2;NCOA3;DCPS;P2RX4;MYC;IGF1R"
"HALLMARK_KRAS_SIGNALING_DN",0.0298859397953473,0.124385620562129,0.352487857583619,0.459802796489217,1.52515706680625,53,"IDUA;TFCP2L1;SPTBN2;SELENOP;EDN1;MYO15A;KRT15;SLC25A23;COQ8A;MACROH2A2;EFHD1;TENT5C;TCF7L1;STAG3;MX1;DTNB;SIDT1;LYPD3;GPRC5C;BTG2;CLSTN3;ZC2HC1C;SPHK2;CDKAL1;NR6A1;ASB7;SKIL;SNN"
"HALLMARK_ESTROGEN_RESPONSE_LATE",0.00319319247566246,0.0266667077242002,0.431707695803346,0.402184159201835,1.51994535464807,142,"CISH;DUSP2;BATF;ANXA9;MAPT;OPN3;HOMER2;AGR2;SERPINA5;PRLR;MEST;CA2;PDCD4;KLF4;SIAH2;FRK;FOXC1;IL6ST;PTGES;CA12;FKBP4;SLC22A5;LARGE1;AREG;TPD52L1;SULT2B1;TJP3;TSPAN13;PAPSS2;UNC13B;METTL3;KRT19;BLVRB;JAK1;ASS1;IDH2;NRIP1;AFF1;CLIC3;WFS1;S100A9;PLXNB1"
"HALLMARK_PANCREAS_BETA_CELLS",0.0676328502415459,0.228040540540541,0.219250346703755,0.658141793382663,1.50602184008022,10,"FOXO1;VDR;STXBP1"
"HALLMARK_ESTROGEN_RESPONSE_EARLY",0.00719835142443907,0.0442557553061211,0.407017918923954,0.392404405937486,1.49417692920153,154,"CISH;SLC1A1;ANXA9;STC2;MAPT;OPN3;REEP1;TMEM164;TTC39A;WWC1;RARA;LRIG1;KLF4;SIAH2;KRT15;FRK;FOXC1;IL6ST;PTGES;CA12;ESRP2;FKBP4;SLC22A5;ABLIM1;AREG;RASGRP1;TPD52L1;ELF1;RETREG1;SULT2B1;TJP3;PAPSS2;SYBU;KRT19;BLVRB;MYC;IGF1R;ENDOD1;INHBB;CELSR1;NRIP1;AFF1;CLIC3;WFS1;SLC37A1;KRT8;NHERF1;CLDN7"
"HALLMARK_HEDGEHOG_SIGNALING",0.0715421303656598,0.228040540540541,0.211400189384923,0.5824413837337,1.45320615845959,15,"VEGFA;NF1;OPHN1;LDB1;CELSR1;TLE1;NRP2"
"HALLMARK_INTERFERON_GAMMA_RESPONSE",0.0121091707302289,0.0561425188401524,0.380730400722792,0.389814544784248,1.44456330686722,122,"TNFSF10;EIF4E3;DHX58;NAMPT;XAF1;IRF5;SP110;ARID5B;SOCS1;IFIH1;TAPBP;IFIT3;UBE2L6;ISOC1;HLA-B;SAMHD1;IRF9;HLA-A;APOL6;IRF2;PARP14;ISG15;IFITM2;LGALS3BP;TDRD7;NCOA3;IFIT1;MX1;PARP12;PSMB10;TRIM14;RAPGEF6;LY6E;BST2;AUTS2;IL4R;OASL;PTPN2;PFKP;OAS3;HIF1A;RBCK1;DDX60;IFNAR2;IRF7;RIPK2"
"HALLMARK_CHOLESTEROL_HOMEOSTASIS",0.068733153638814,0.228040540540541,0.197822021315103,0.407926522654631,1.3706116676239,60,"NFIL3;CPEB2;TRIB3;SCD;ERRFI1;ATF5;PDK3;TM7SF2;CLU;ECH1;ACSS2;NIBAN1;ATF3;CYP51A1;S100A11;SREBF2;FADS2;PLSCR1;LGALS3;MVD;PNRC1;DHCR7;NSDHL;FDPS;FBXO6;MAL2;HSD17B7;TP53INP1;TMEM97;CXCL16;LGMN;SQLE"
"HALLMARK_GLYCOLYSIS",0.0317061385746604,0.124385620562129,0.321775918075361,0.358243911697483,1.36555576926384,153,"VEGFA;IDUA;STC2;CITED2;P4HA1;GPC3;BPNT1;IER3;HK2;SPAG4;IDH1;CLDN3;ME1;DSC2;GPC4;HS2ST1;FKBP4;AK4;GNPDA1;EFNA3;PDK3;CYB5A;ANKZF1;SRD5A3;ERO1A;ALDOA;PAXIP1;FAM162A;CHPF2;SDC3;PHKA2;SOX9;BIK;HAX1;MXI1;PFKP;GALK1;KDELR3;PGK1;SLC35A3;GMPPB;RBCK1;QSOX1;SDC1;ELF3;XYLT2;GFUS;PYGL;P4HA2;EXT1;GMPPA;ECD;PLOD1;B4GALT4;TGFBI;GAPDHS;LHPP;UGP2"
"HALLMARK_ANGIOGENESIS",0.151515151515152,0.386363636363636,0.141225119642531,0.540170156105234,1.33303107305131,14,"VEGFA;SERPINA5"
"HALLMARK_INFLAMMATORY_RESPONSE",0.0990629183400268,0.29718875502008,0.161978948883402,0.374696353960561,1.30383369870752,77,"RNF144B;TNFSF10;GPC3;CD14;EDN1;NAMPT;ABCA1;TNFRSF1B;MXD1;TAPBP;SLC1A2;BEST1;RASGRP1;AHR;FFAR2;IFITM1;P2RX4;MYC;LY6E;BST2;IL4R;ATP2C1;BTG2;PVR;HIF1A;NOD2;IRF7;RIPK2"
"HALLMARK_ANDROGEN_RESPONSE",0.136125654450262,0.37280701754386,0.134273452883202,0.353365906436726,1.24480644516899,82,"TMPRSS2;HOMER2;PTK2B;SELENOP;DNAJB9;SCD;ARID5B;NDRG1;PMEPA1;CAMKK2;ZBTB10;APPBP2;ACSL3;SEC24D;KRT19;ELL2;CDC14B;H1-0;MAP7"
"HALLMARK_APICAL_SURFACE",0.225308641975309,0.485106382978723,0.110564716336619,0.450486442837158,1.2060968401655,20,"CD160;TMEM8B;GATA3;ATP8B1;CRYBG1;EPHB4;LYPD3;BRCA1;APP;ADIPOR2"
"HALLMARK_P53_PATHWAY",0.138888888888889,0.37280701754386,0.12384217120105,0.313006265822626,1.20411306586321,166,"VDR;ABCC5;CDKN2A;ADA;TP53;SESN1;OSGIN1;CYFIP2;IER3;TRIB3;FOXO3;CDKN2B;TSPYL2;SOCS1;NDRG1;KLF4;MXD1;NOTCH1;STOM;COQ8A;RALGDS;TPD52L1;SERPINB5;MKNK2;STEAP3;RAD9A;NUPR1;RAP2B;INHBB;FAM162A;CCNK;CTSF;NINJ1;FUCA1;GM2A;BTG2;PLK3;ATF3;WRAP73;RHBDF2;APP;EPHX1;SDC1;ZFP36L1"
"HALLMARK_KRAS_SIGNALING_UP",0.2237017310253,0.485106382978723,0.101713902282311,0.335756160896769,1.17317800579936,79,"LCP1;CTSS;CBR4;CBX8;KIF5C;AKT2;CA2;GALNT3;KLF4;TNFRSF1B;MPZL2;USP12;TRAF1;JUP;ADAM8;TSPAN13;CCSER2;ATG10;ERO1A;MAP7;ZNF639;SOX9;TRIB1;FUCA1"
"HALLMARK_FATTY_ACID_METABOLISM",0.237797246558198,0.485106382978723,0.0943563635421779,0.310803389576529,1.14758027869192,118,"EHHADH;IL4I1;LTC4S;CYP1A1;CA2;METAP1;PPARA;IDH1;ME1;REEP6;CD36;UBE2L6;ENO3;SLC22A5;CPT2;HSPH1;ALDOA;HSD17B4;ACSS1;HIBCH"
"HALLMARK_ADIPOGENESIS",0.236175115207373,0.485106382978723,0.0899860794997137,0.29598869105464,1.14070422443094,167,"CCNG2;LTC4S;MAP4K3;IFNGR1;BCL6;DNAJB9;PDCD4;ABCA1;IDH1;ME1;REEP6;SOWAHC;CD36;BCL2L13;STOM;GPHN;CPT2;MIGA2;ALDOA;HIBCH;SQOR;BAZ2A;ADCY6;SLC27A1;DHRS7;PFKL;ECH1;SLC5A6;POR;SLC66A3;NKIRAS1;AIFM1;PFKFB3;CD302;MTARC2;ESRRA;TKT;ADIPOR2;HADH;SCARB1;COQ5;PEX14;MCCC1;STAT5A"
"HALLMARK_COMPLEMENT",0.28957528957529,0.546975546975547,0.0847985102819124,0.306331552873458,1.10736512572122,104,"PDGFB;CBLB;CTSS;PCLO;GATA3;DOCK9;CA2;LRP1;APOC1;ME1;CPM;CD36;AKAP10;RASGRP1;IRF2;CTSH;PDP1;KYNU;CLU;PREP;PIK3CA;CSRP1;CTSC;S100A9;LAMP2"
"HALLMARK_ALLOGRAFT_REJECTION",0.318181818181818,0.559561128526646,0.0817515582532145,0.319320432220516,1.10005671431441,72,"CDKN2A;CTSS;IFNGR1;SOCS1;TAPBP;CSK;GBP2;HLA-A;PSMB10;INHBB;NCK1;IL4R;BRCA1;HIF1A;TAP2;IFNAR2;IRF7;RIPK2;DARS1;DEGS1;IFNGR2;IKBKB;BCL3;WARS1;IL16;ABCE1;B2M;RARS1;TGFB2;PTPN6"
"HALLMARK_TNFA_SIGNALING_VIA_NFKB",0.315468940316687,0.559561128526646,0.077274697304471,0.294363491031684,1.0987817900529,132,"VEGFA;DUSP2;BCL6;NFIL3;EDN1;IER3;NAMPT;SLC16A6;ABCA1;KLF4;IFIH1;MXD1;FUT4;PMEPA1;ZC3H12A;IL6ST;TRAF1;ZBTB10;AREG;MAP3K8;CCNL1;SQSTM1;KYNU;MYC;EGR2;CEBPD;TRIB1;NINJ1;BTG2;ATF3;PFKFB3;RCAN1"
"HALLMARK_PI3K_AKT_MTOR_SIGNALING",0.335078534031414,0.569633507853403,0.0778840111977068,0.310094902046787,1.09237514330208,82,"DAPP1;VAV3;PIK3R3;PDK1;PLA2G12A;TRIB3;ACACA;MAP2K6;IRAK4;PIKFYVE;SMAD2;MKNK2;SQSTM1;NCK1;TSC2;MAPK10;NFKBIB;GSK3B;ARF1"
"HALLMARK_PEROXISOME",0.34805890227577,0.572613032776266,0.0770736734944102,0.309609189797356,1.07433911609703,75,"EHHADH;ABCC5;CLN8;ABCD1;IDH1;ISOC1;VPS4B;SULT2B1;HSD17B4;PEX6;CRABP2;IDH2;ECH1;STS;CDK7;ACSL1;GSTK1;PEX14;IDE;SLC23A2;SCP2;ERCC1;DHCR24;FDPS"
"HALLMARK_BILE_ACID_METABOLISM",0.401062416998672,0.639193227091633,0.0694481442003175,0.304427893411812,1.03557681243553,67,"RBP1;TFCP2L1;ABCA5;ABCD1;ABCA1;SLC67A1;IDH1;NEDD4;ISOC1;SULT2B1;HSD17B4;PEX6;IDH2"
"HALLMARK_COAGULATION",0.443356643356643,0.685187539732994,0.0670512579829467,0.313152443103498,1.01015561227606,48,"PDGFB;LRP1;APOC1;BMP1;CTSH;CLU;PREP;THBS1;CSRP1;LAMP2"
"HALLMARK_MYC_TARGETS_V2",0.498637602179836,0.747956403269755,0.0601186142531851,0.290199403162409,0.968199044775097,58,"DUSP2;UTP20;SLC29A2;HK2"
"HALLMARK_MYOGENESIS",0.566013071895425,0.824761904761905,0.0522693317499306,0.265738269755745,0.949809577392909,95,"STC2;ATP2A1;REEP1;MAPRE3;ERBB3;AKT2;SCD;PICK1;NOTCH1;CD36;ENO3;DAPK2;ABLIM1;LARGE1;KLF5;TPD52L1;TPM2;SH2B1"
"HALLMARK_APICAL_JUNCTION",0.601522842639594,0.829126080395116,0.0481183992657975,0.254885411691831,0.930847764029781,110,"JAM3;TMEM8B;PIK3R3;CDH3;AKT2;NF1;NECTIN1;EXOC4;CLDN15;LIMA1;MPZL2;SKAP2;TRAF1;BMP1;LAMA3;AMIGO1;JUP;PCDH1;GRB7;VAV2;CTNND1;SDC3;CLDN4;VASP"
"HALLMARK_MTORC1_SIGNALING",0.703534777651083,0.92000701692834,0.035996889024589,0.23074240803338,0.892871096236152,182,"DAPP1;P4HA1;PIK3R3;NFIL3;PDK1;TRIB3;NAMPT;SCD;HK2;IDH1;ACACA;SKAP2;ME1;AK4;MCM2;TM7SF2;SYTL2;ACSL3;NUPR1;ERO1A;ALDOA;SQSTM1;CORO1A;SRD5A1;GPI;CTSC;PFKL;NHERF1;BTG2;UCHL5;NIBAN1;PGK1;NFKBIB;CYP51A1;PHGDH;GSK3B;TXNRD1;ADIPOR2;NUFIP1;FADS2;POLR3G;RIT1;HSPA9;LTA4H;CANX;GMPS;DHCR7;TFRC;PPA1;SLC1A4;DHFR;RAB1A;DHCR24;MTHFD2;WARS1"
"HALLMARK_XENOBIOTIC_METABOLISM",0.770595690747782,0.931415057154119,0.0366850427613443,0.227543904118241,0.83435816728407,114,"CYFIP2;CYP1A1;CA2;CYP2J2;LEAP2;IDH1;PTGES;CD36;ABCC3;NDRG2;JUP;CYB5A;PAPSS2;BLVRB;KYNU;PSMB10;SPINT2;ACP2;NINJ1;DHRS7;ADH5;ECH1;PGRMC1;POR;SAR1B;EPHX1;PTGR1;BPHL;DCXR;CYP27A1;TKFC;NFS1;ACOX3;MARCHF6;MCCC2;NQO1"
"HALLMARK_PROTEIN_SECRETION",0.779507133592737,0.931415057154119,0.0372254009247509,0.231051865232025,0.819897120381283,87,"ATP7A;ABCA1;ICA1;ARFGAP3;VPS4B;BNIP3;RAB9A;OCRL;SNAP23;SEC24D;ARFGEF2;NAPG;CTSC;CLN5;BET1;LAMP2"
"HALLMARK_UNFOLDED_PROTEIN_RESPONSE",0.807106598984772,0.935509921550531,0.034566432206351,0.220701678876524,0.806007934844926,110,"VEGFA;STC2;DNAJB9;MTREX;TSPYL2;CNOT4;FKBP14;DNAJA4;TARS1;ERO1A;IFIT1;PDIA5;WFS1;EXOSC4;ARFGAP1;SRPRB;KDELR3;ATF3"
"HALLMARK_IL6_JAK_STAT3_SIGNALING",0.785310734463277,0.931415057154119,0.0408229003677776,0.247858486411232,0.784375080906414,43,"IFNGR1;CD14;SOCS1;TNFRSF1B;IL6ST;CD36;IRF9;MAP3K8;IL4R;PTPN2;HAX1"
"HALLMARK_HEME_METABOLISM",0.945882352941177,1,0.0225842720346634,0.193051763846937,0.729824542291507,146,"IGSF3;SYNJ1;FOXO3;CA2;MFHAS1;SLC25A38;FN3K;SLC22A4;GDE1;NFE2L1;YPEL5;SELENBP1;SLC66A2;BCAM;KDM7A;PPP2R5B;TENT5C;ERMAP;BLVRB;ELL2;H1-0;ISCA1;ENDOD1;ATG4A;LAMP2;MXI1;BTG2;TRAK2;ALAD;ATP6V0A1;RNF19A;DAAM1;RBM38"
"HALLMARK_UV_RESPONSE_DN",0.937254901960784,1,0.0287155399266326,0.197578915964145,0.706192400688634,95,"KALRN;CITED2;DYRK1A;PIK3R3;RBPMS;SLC67A1;ICA1;MGMT;CDON;MAP2K5;NIPBL;ATRX;VAV2;MYC;IGF1R;NR1D2;ATP2C1;MAPK14;ERBB2;ATP2B4;INPP4B;ZMIZ1;SPOP;PEX14;RUNX1"
"HALLMARK_APOPTOSIS",0.966921119592875,1,0.0256927476530375,0.18470018572608,0.675155039356784,111,"IFNGR1;TNFSF10;CD14;IER3;ERBB3;CREBBP;RARA;PDCD4;MGMT;PPP2R5B;SQSTM1;H1-0;CLU;NEDD9;BIK;PAK1;BTG2;BRCA1;ATF3;ERBB2;APP;DIABLO;LGALS3;PEA15;TXNIP;HSPB1;MCL1;CASP4;KRT18"
"HALLMARK_WNT_BETA_CATENIN_SIGNALING",0.906906906906907,1,0.036993251998507,0.235753098295919,0.668205412041982,25,"TP53;NOTCH1;AXIN2;MYC;MAML1;NCOR2;NCSTN;ADAM17"
"HALLMARK_DNA_REPAIR",0.996437054631829,1,0.0200480391102353,0.1690235440075,0.635634503857206,140,"ADA;TP53;RAD52;RRM2B;AGO4;UMPS;POLA2;POLB;ZNF707;SNAPC4;BCAM;TAF12;RNMT;GTF2H3"
"HALLMARK_OXIDATIVE_PHOSPHORYLATION",1,1,0.120985142145252,-0.0846986357336785,-0.400910563134953,194,"IDH3A;TIMM9;NQO2;CASP7;AFG3L2;HADHA;NDUFA6;ECI1;RETSAT;ATP5MG;COX10;SLC25A11;PRDX3;PDHB;MTRR;ETFB;GLUD1;ACAT1;SLC25A3;SDHD;TOMM22;UQCRC1;FH;ACO2;ACADVL;CYB5R3;SLC25A20;CYCS;PHB2;VDAC3;NDUFB8;ALDH6A1;ATP5PO;ACAA2;NNT;UQCRFS1;MDH1;ATP5MF;NDUFA2;ATP6V0C;BDH2;ETFA;ATP5F1A;NDUFC2;NDUFC1;COX8A;TIMM8B;OXA1L;ATP5PB;IDH3B;GRPEL1;DECR1;HCCS;NDUFB7;IMMT;COX7A2L;COX7A2;CPT1A;NDUFB6;NDUFS6;ATP5MC2;COX4I1;MDH2;ISCU;UQCR10;NDUFS4;FDX1;TIMM17A;MRPS11;NDUFB3;NDUFA9;BCKDHA;NDUFA7;UQCRB;PMPCA;ATP5F1E;NDUFB1;RHOT2;COX6A1;NDUFB2;GOT2;POLR2F;UQCRH;SDHB;ATP6V1E1;TIMM10;MRPS15;MPC1;DLAT;GPX4;SDHA;PDHA1;COX5A;UQCRQ;SUCLG1;TIMM13;BAX;CYC1;LDHA;VDAC2;MRPL15;MFN2;SUPV3L1;ATP6V1F;ETFDH;FXN;NDUFS8;ATP5F1B;DLST;MRPL34;MRPL35;ECHS1;COX6B1;NDUFA8;MTX2;MTRF1;ATP5ME;ALAS1;UQCR11;ACADM;COX7B;PHYH;HSD17B10;TOMM70;DLD;COX7C;NDUFV2;ACAA1;NDUFAB1;ATP5F1D;ATP5PD;ATP5F1C;HADHB;OPA1;TCIRG1;MRPL11;NDUFA5;NDUFV1;TIMM50;CS;IDH3G;HTRA2;MRPS12;ATP5MC3;SLC25A5;ATP6V1D;ATP5PF;ATP6V1G1;ATP5MC1;ATP6V1C1;MGST3;COX17;SUCLA2;NDUFS2;SDHC;COX5B;ATP6V0B;MRPS30;ATP1B1;OGDH;MRPS22;ATP6AP1;NDUFB4;NDUFS3;ATP6V1H;ATP6V0E1;NDUFS7;NDUFA1;COX6C;VDAC1;HSPA9;NDUFA3;NDUFS1;SURF1;COX15;ACADSB;NDUFB5;PDHX;OAT;AIFM1;ABCB7;POR;ECH1;RHOT1;LRPPRC;IDH2;ISCA1;GPI;UQCRC2;COX11;PDP1;CYB5A"
"HALLMARK_UV_RESPONSE_UP",0.924882629107981,1,0.0922597260527354,-0.183351286794591,-0.809660815678598,114,"SLC6A8;H2AX;NUP58;FURIN;DLG4;HMOX1;NAT1;RAB27A;LYN;MRPL23;CDC34;HYAL2;CHRNA5"
"HALLMARK_TGF_BETA_SIGNALING",0.763250883392226,0.931415057154119,0.0870515867946735,-0.227728226308143,-0.846388396429556,45,"SMAD7;FURIN;APC;SMAD3;BMPR1A;TGFBR1;SPTBN1;ID2;RHOA;PPP1CA;TGFB1"
"HALLMARK_REACTIVE_OXYGEN_SPECIES_PATHWAY",0.64,0.858947368421053,0.0937465422491719,-0.246242455247527,-0.902322068914649,42,"ABCC1;PDLIM1;CDKN2D;OXSR1;MSRA;NDUFA6;CAT;TXNRD2;ATOX1;GPX3;SELENOS"
"HALLMARK_NOTCH_SIGNALING",0.592920353982301,0.829126080395116,0.0911073131586733,-0.284644230736079,-0.918714339938705,23,"PRKCA;FZD7;SAP30;PSEN2;PSENEN;CCND1;HES1;RBX1;ARRB1"
"HALLMARK_EPITHELIAL_MESENCHYMAL_TRANSITION",0.251968503937008,0.494245911568746,0.175204047558551,-0.259850280909489,-1.10329491184347,80,"TAGLN;SLC6A8;LOXL1;IGFBP4;PLAUR;ITGA5;TGFBR3;MCM7;LGALS1;FSTL3;EMP3;DST;CAPG;HTRA1;DAB2;ITGB1;ECM1;TPM4;FLNA;COLGALT1;ID2;ITGB3;MAGEE1;TGFB1"
"HALLMARK_SPERMATOGENESIS",0.226765799256506,0.485106382978723,0.179782316298324,-0.283614712606009,-1.1236508168767,59,"PHF7;KIF2C;AURKA;BUB1;EZH2;CDKN3;PCSK4;NEK2;CCNB2;DBF4;IP6K1;AGFG1;PRKAR2A;CDK1;TTK;MLLT10"
"HALLMARK_MYC_TARGETS_V1",3.89238003834328e-05,0.000496278454888768,0.557332238758646,-0.345731435585188,-1.64815118660971,198,"CDC20;ODC1;EXOSC7;TYMS;MRPL23;SRM;CCNA2;PSMD7;MCM7;AIMP2;CDC45;SF3A1;KPNA2;HNRNPR;H2AZ1;MAD2L1;SNRPA;CSTF2;CCT4;PSMA7;EIF4H;RPS2;RUVBL2;PPM1G;RAN;NHP2;RANBP1;RPL14;C1QBP;UBE2E1;PRDX3;EIF2S2;TRA2B;UBE2L3;HNRNPA2B1;EEF1B2;SLC25A3;SNRPD1;PSMD3;CCT5;POLE3;SSBP1;KPNB1;SNRPA1;VBP1;ACP1;HNRNPA3;RPLP0;BUB3;PHB2;RPS6;LSM7;VDAC3;RPL22;HNRNPC;PPIA;RPL6;HNRNPA1;PSMA4;RNPS1;POLD2;AP3S1;MCM5;HNRNPD;PSMD1;RPS3;NAP1L1;MRPS18B;ILF2;PRPF31;HNRNPU;FBL;ERH;EIF3D;EIF4A1;RFC4;XRCC6;ETF1;TARDBP;RPL18;PHB1;KARS1;SNRPD2;RPS10;PSMD14;TRIM28"
"HALLMARK_MITOTIC_SPINDLE",1.01539234987647e-05,0.000172616699479,0.593325476396405,-0.360032306284757,-1.67457307506168,175,"CENPE;CNTRL;CENPF;ANLN;INCENP;PRC1;RACGAP1;RHOF;KIF2C;AURKA;BUB1;DLGAP5;TPX2;PLK1;APC;BIRC5;KIF20B;PIF1;KIF15;ABL1;PCNT;CKAP5;ARHGAP10;MYH10;TOP2A;FSCN1;RASA1;MAP1S;NEK2;CNTROB;CCNB2;NUSAP1;LMNB1;CEP192;DYNC1H1;SAC3D1;NIN;SHROOM2;KIF11;DST;NDC80;BRCA2;KATNA1;PXN;KIF23;SASS6;CDK1;TTK;STK38L;ESPL1;KIF5B;UXT;FBXO5;BCAR1;SPTBN1;ARHGDIA;FLNA;MYO9B;KIF3B;MAPRE1;TUBA4A;ITSN1;FLNB"
"HALLMARK_E2F_TARGETS",6.25347126830216e-13,1.59463517341705e-11,0.921426003494898,-0.479707365830838,-2.27810580846379,197,"MKI67;H2AX;CENPE;CDC20;CDCA3;HUS1;CDCA8;RACGAP1;KIF2C;CDC25B;AURKA;HMGB2;BUB1B;DLGAP5;POLD1;DIAPH3;AURKB;CDC25A;PLK1;DCK;EZH2;LBR;CKS2;BIRC5;CDKN3;STMN1;ORC6;MLH1;ILF3;LYAR;SPC24;MMS22L;TOP2A;PTTG1;CCNB2;POLE;PSMC3IP;NCAPD2;KIF18B;MCM7;GINS4;ANP32E;LMNB1;DNMT1;TRIP13;DDX39A;TBRG4;HMGA1;UBE2S;KPNA2;PPM1D;H2AZ1;ASF1B;MAD2L1;RPA2;BRCA2;PSIP1;TK1;SPAG5;CDKN1B;CDK1;TACC3;RAD51AP1;ESPL1;HMGB3;RAN;RPA3;UBE2T;RNASEH2A;PAN2;CKS1B;RANBP1;STAG1;DSCC1;POLE4;TMPO;CENPM;TRA2B;RAD1;CCP110;ZW10;KIF22;RPA1;RRM2;PRPS1;PMS2;TUBG1"
"HALLMARK_G2M_CHECKPOINT",1.7651258792509e-17,9.00214198417958e-16,1.07686819261983,-0.534109937528546,-2.51195622112759,191,"MEIS1;MT2A;KNL1;MKI67;H2AX;CENPE;CDC20;CENPF;HUS1;KMT5A;INCENP;ODC1;PRC1;RAD54L;RACGAP1;KIF2C;CDC25B;AURKA;TROAP;BUB1;TPX2;AURKB;CDC25A;PLK1;PBK;EZH2;LBR;CKS2;BIRC5;CDKN3;CENPA;CCNF;FOXN3;KIF20B;GINS2;KIF15;STMN1;ORC6;NSD2;ABL1;CBX1;ILF3;TOP2A;PTTG1;CCNA2;NEK2;SMAD3;CCNB2;POLE;NUSAP1;DTYMK;SAP30;DBF4;LMNB1;CDC45;CASP8AP2;DDX39A;HMGA1;UBE2S;KPNA2;H2AZ1;MAD2L1;HIRA;RPA2;KIF11;HMGN2;NDC80;BRCA2;KATNA1;KIF23;ARID4A;MAP3K20;NUP50;CDKN1B;CDK1;TACC3;SLC7A5;TTK;UBE2C;E2F4;ESPL1;KIF5B;FBXO5;HMGB3;EXO1;WRN;MNAT1;CKS1B;FANCC"
